AIR	t
APRON	t
ARM	t
ARROYO	t
Air	t
Ait	t
Alkaline	t
Alley	t
Apron	t
Arm	t
Arroyo	t
Avenue	t
B each	t
BAHIA	t
BALL	t
BANK	t
BAR	t
BARRAGE	t
BARRIOS	t
BASIN	t
BAY	t
BEACH	t
BECK	t
BED	t
BLOWOUT	t
BOUNDARY	t
BRANCH	t
BRANCHES	t
BREAK	t
BRIDGE	t
BRIDGES	t
BROAD	t
BROOKS	t
BUILDING	t
BUILDINGS	t
BURN	t
BUSH	t
Bahia	t
Ball	t
Bank	t
Bar	t
Barrage	t
Barrio	t
Barrios	t
Basin	t
Bay	t
Bays	t
Beach	t
Beck	t
Bed	t
Bench	t
Blowout	t
Boulevard	t
Boundary	t
Branch	t
Branches	t
Break	t
Bridge	t
Bridges	t
Brines	t
Broad	t
Brook	t
Brooks	t
Brush	t
Buffer	t
Building	t
Burn	t
Bush	t
Butte	t
CAPE	t
CARR	t
CARTER	t
CASCADE	t
CAVE	t
CITY	t
CLAY	t
CLOTH	t
COAST	t
CONFLUENCE	t
COOMBS	t
COSTA	t
COUNTRIES	t
COUNTRY	t
COURSE	t
CREST	t
CUT	t
Caldera	t
Canal	t
Canals	t
Cape	t
Carr	t
Carter	t
Cascade	t
Cave	t
Caves	t
Cay	t
Cerrito	t
Cerro	t
Channel	t
Channels	t
Chott	t
City	t
Clay	t
Cliff	t
Cloth	t
Coast	f
Col	t
Confluence	t
Coombe	t
Coombes	t
Coombs	t
Corral	t
Corrie	t
Costa	t
Costas	t
Countries	t
Country	t
Cove	t
Creek	t
Crest	t
Cuesta	t
Cultured	t
Cut	t
Cutting	t
DAIRY	t
DALE	t
DAM	t
DEEP	t
DEN	t
DISMAL	t
DISTRICT	t
DOME	t
DOWN	t
DOWNS	t
DRAW	t
DRIVE	t
DROVE	t
DUST	t
DYKE	t
Dairy	t
Dale	t
Dam	t
Deep	t
Dell	t
Delta	t
Den	t
Dike	t
Dismal	t
Divide	t
Dome	t
Down	t
Downs	t
Drain	t
Draw	t
Drove	t
Dust	t
Dyke	t
EDDY	t
EXTREME	t
Eddy	t
Emulsion	t
Extreme	t
FALL	t
FALLS	t
FARM	t
FAULT	t
FIELD	t
FIELDS	t
FLAT	t
FOAM	t
FORCE	t
FORCES	t
FORD	t
FOREST	t
FORK	t
FURROWS	t
Fall	t
Falls	t
Fan	t
Fault	t
Fen	t
Field	t
Fields	f
Firth	t
Flat	t
Foam	t
Force	t
Forces	t
Ford	t
Forest	t
Fork	t
Fossil	t
Fossils	t
Furrows	t
GAP	t
GARDEN	t
GEO	t
GROUND	t
GROUNDS	t
GROVE	t
GROVES	t
Gap	t
Garden	t
Glen	t
Grange	t
Gravel	t
Grotto	t
Grounds	t
Grove	t
Groves	t
Gully	t
Guyot	t
HABITAT	t
HABITATS	t
HEAD	t
HEATH	t
HILL	t
HILLS	t
HOLE	t
HOLLOW	t
HOLM	t
HOOK	t
HORST	t
HOUSES	t
Habitat	t
Habitats	t
Hammock	t
Harbor	t
Head	t
Heath	t
Hedge	t
Hedges	t
Highland	t
Hill	t
Hills	t
Hole	t
Hollow	t
Holm	t
Hook	t
Horst	t
Hospital	t
Houses	t
ICE	t
INTERSECTION	t
ISLAND	t
Ice	t
Inlet	t
Intersection	t
Island	t
Islet	t
KEY	t
KILL	t
KNOLL	t
Karst	t
Kettle	t
Key	t
Kill	t
Knoll	t
LAKE	t
LANE	t
LATERAL	t
LEDGE	t
LEDGES	t
LETTER	t
LETTERS	t
LINN	t
LOCK	t
Laguna	t
Lagunas	t
Lakes	f
Lane	t
Lateral	t
Ledge	t
Ledges	t
Letter	t
Letters	t
Liman	t
Linn	t
Llanos	t
Loch	t
Lock	t
Lode	t
Lough	t
MAELSTROM	t
MARSH	t
MERE	t
MINE	t
MOOR	t
MOTT	t
MOUNT	t
MOUNTAIN	t
MOUNTAINS	t
Maar	t
Maelstrom	t
Mangal	t
Marine	f
Marsh	t
Meadow	t
Meadows	t
Mere	t
Mesa	t
Mine	t
Moat	t
Moor	t
Moraine	t
Mott	t
Motte	t
Mount	t
Mountain	t
Mountains	t
Mounts	t
NATION	t
NATIONS	t
NECK	t
NEUTRAL	t
NURSERY	t
Nation	t
National	t
Ness	t
Nest	t
Neutral	t
Nursery	t
OASIS	t
OCEAN	t
OIL	t
Oasis	t
Orchard	t
Outlet	t
PALISADE	t
PAN	t
PARK	t
PASS	t
PASSAGE	t
PATH	t
PEAK	t
PETROLEUM	t
PINNACLE	t
PLAIN	t
PLATFORM	t
POINT	t
POINTS	t
POND	t
POOL	t
PROVINCE	t
PUP	t
Palisade	t
Pan	t
Park	t
Pass	t
Path	t
Peak	t
Peaks	t
Peat	t
Petroleum	t
Pier	t
Pillar	t
Pinnacle	t
Plateau	f
Platform	t
Point	t
Points	t
Polar	t
Polder	t
Pond	t
Pool	t
Province	t
Pup	t
RACE	t
RANGE	t
REACH	t
REACHES	t
RIO	t
RISE	t
RIVER	t
RIVERS	t
ROAD	t
ROCK	t
RUN	t
Race	t
Ramp	t
Range	t
Reach	t
Reef	f
Reservoir	f
Rhyne	t
Ria	t
Ridge	t
Rill	t
Rincon	t
Rio	t
Rise	t
River	f
Rivers	f
Road	t
Rock	t
Roost	t
Run	t
Runnels	t
SAND	t
SANDS	t
SEA	t
SETTLEMENT	t
SHOP	t
SHORE	t
SIDE	t
SIERRA	t
SILVA	t
SLASH	t
SLIDE	t
SLOPE	t
SOIL	t
SOUND	t
SOUNDS	t
SOURCE	t
SPRING	t
STAND	t
STANDS	t
STATES	t
STREAM	t
STREET	t
STREETS	t
SUMMIT	t
SURFACE	t
Saddle	t
Salina	t
Salinas	t
Salt Lake	t
Sand	t
Sandbank	t
Sands	t
Sandy	t
Scar	t
Seashore	t
Settlement	t
Shop	t
Shor	t
Shore	t
Shores	t
Shott	t
Shotts	t
Side	t
Sierra	t
Sill	t
Silva	t
Sink	t
Slash	t
Slide	t
Slides	t
Slope	f
Sounds	t
Sources	t
Spring	t
Springs	t
Stack	t
Stand	t
Stands	t
State	t
States	t
Strait	f
Strand	t
Stream	f
Street	t
Summit	t
Surface	t
Swales	t
TOWN	t
TRACK	t
Tarn	t
Textile	t
Torrent	t
Torrents	t
Town	t
Track	t
Trail	t
Trench	t
URBAN	t
Urban	t
VALLEY	t
VILLAGE	t
Vale	t
Valley	t
Veld	t
WASTE	t
WATER	t
WATERS	t
WEIR	t
WELL	t
WELLS	t
WOOD	t
Wash	t
Waste	t
Water	t
Waterfall	t
Waters	t
Weir	t
Well	t
Wells	t
Wood	t
Woodland	f
aerial	t
aerosols	t
air	t
ait	t
alkaline	t
apron	t
arm	t
avenues	t
bahia	t
ball	t
bank	t
bar	t
barrage	t
bay	t
bed	t
blow out	t
blowout	t
boundaries	t
boundary	t
boundary region	t
branch	t
branches	t
break	t
breaks	t
bridge	t
bridges	t
broad	t
buffer	t
buffers	t
building	t
buildings	t
burn	t
canal	t
canals	f
canopy	f
cape	t
cascade	t
cascades	t
channels	t
city	t
clearing	t
clefts	t
cloth	t
confluence	t
countries	t
country	t
course	t
courses	t
crest	t
cultivated	t
cut	t
cut line	t
cut off	t
cut-offs	t
cutoffs	t
cutting	t
dairy	t
dam	t
deep	t
delta	t
den	t
depressions	t
dismal	t
divides	t
dome	t
down	t
downs	t
drains	t
draw	t
drinking water	t
drive	t
drives	t
drove	t
dust	t
elevations	t
emulsions	t
extreme	t
extremes	t
fall	t
falls	t
fan	t
farm	t
fault	t
field	t
fields	t
fissures	t
flanks	t
flat	t
foam	t
force	t
forces	t
fork	t
fossil	t
fossils	t
furrows	t
gap	t
geo	t
geo-	t
grassland	f
ground	t
grounds	t
habitat	t
habitats	t
harbors	t
head	t
high pressure	t
high temperature	t
high temperatures	t
high-pressure	t
high-temperature	t
hill	t
hole	t
hollow	t
hook	t
houses	t
ice	t
intersection	t
islet	t
islets	t
kettle	t
key	t
kill	t
lane	t
lateral	t
ledge	t
ledges	t
letter	t
letters	t
lock	t
maelstrom	t
mere	t
mine	t
mounts	t
narrows	t
nation	t
national	t
nations	t
neck	t
neutral	t
nursery	t
oasis	t
oil	t
oil well	t
outlets	t
palisade	t
pan	t
pan-	t
park	t
pass	t
passage	t
passages	t
path	t
peak	t
petroleum	t
photic	t
pillar	t
pinnacle	t
plain	t
plateaus	f
platform	t
platforms	t
play a	t
point	t
points	t
polar	t
pool	t
power plant	t
protected area	t
pup	t
race	t
railroad	t
railway	t
ramp	t
range	t
ranges	t
reach	t
reaches	t
reservoirs	f
ridges	t
rio	t
rise	t
rivers	f
road	t
roadway	t
rock	f
run	t
saddle	t
sand	f
scar	t
settlement	t
shelf	t
shop	t
side	t
sink	t
slash	t
slide	t
slides	t
slope	f
slopes	f
sound	t
sounds	t
source	t
sources	t
spring	t
spur	t
stacks	t
stand	t
stands	t
state	t
states	t
strands	t
stream	t
streets	t
summit	t
surface	t
surfaces	t
tailing	t
textile	t
town	t
track	t
tracks	t
trail	t
tunnels	t
umbrella	t
village	t
warehouse	t
wash	t
water	t
water channel	t
waters	t
well	t
wood	f
faults	t
elevation	t
Mediterranean	t
montane	t
province	t
Ranges	t
Baie	t
hillsides	t
tongue	t
Tongue	t
blowhole	t
Blowhole	t
provinces	t
